genomes	0	1	2	3	4	5	6	7	8	9	10	11	12	13	14	15	16	17	18	19	20	21	22	23	24	25	26	27	28	29	30	31	32	33	34
1002365.5	1.006	1.007	0.9806	0.9599	1.0676	0.9891	1.1561	1.0134	0.9847	0.9573	1.0919	1.0477	1.126	1.0284	1.005	1.0387	0.9787	0.9921	1.0308	0.9514	1.0427	0.9658	0.9918	0.9831	0.7035	0.9465	0.9619	0.9356	1.0064	1.0716	1.024	0.9447	1.0352	1.0029	0.9705
1041521.3	1.1513	1.1042	1.0164	1.1273	1.2382	1.1484	1.4456	1.182	1.1666	1.1755	1.1135	1.0781	1.1565	1.1239	1.076	1.1058	1.0159	1.0391	1.0647	1.137	1.1281	1.2653	1.0978	1.1801	0.0	1.1303	1.1242	2.4337	1.0396	1.0932	1.1169	1.1079	1.0764	1.1079	1.1561
109790.30	1.0137	1.0781	1.0204	1.0461	1.0845	1.0004	0.9966	1.0175	0.9455	0.9926	0.9691	1.0218	1.0147	1.0261	1.0542	0.9861	1.0196	1.0057	0.9862	1.0311	1.0758	0.9928	1.0236	0.9253	0.0	0.9651	1.0482	0.6472	1.0171	1.019	1.1884	0.9607	1.0684	1.0158	0.9926
109790.33	0.9935	1.0518	1.0542	1.0299	1.0549	0.9922	1.0272	0.9461	0.9248	1.0255	0.4999	1.0578	1.153	1.0406	1.0387	0.9729	1.0614	1.053	0.9794	1.0365	1.0672	1.1524	1.0501	0.9804	0.0	0.9746	1.0366	0.9757	1.0046	0.9829	1.0764	0.9952	1.0643	1.032	0.9954
1130798.5	1.1071	0.964	1.0431	1.0702	1.1191	1.1079	1.0542	1.0291	1.0192	1.0495	0.9257	0.9498	1.0979	1.0283	1.0581	1.0044	1.0513	1.0626	1.077	1.0784	1.0812	1.0587	1.042	1.0661	0.0	1.1123	1.0663	0.9506	1.0906	1.0465	0.9529	1.0166	1.0596	1.1188	0.9918
1136177.4	1.0177	1.1166	0.9771	0.996	1.0444	1.0077	1.0678	1.0299	0.9415	0.997	1.0878	0.9595	1.1128	1.0065	0.9929	1.0261	0.9899	1.0444	0.9846	1.003	1.0442	0.9953	1.0173	0.9809	0.7882	0.9588	0.9473	1.0745	1.0151	1.0797	1.1221	0.9751	1.0017	0.9836	0.9998
1194971.3	1.0716	1.0978	1.0751	1.091	1.1237	1.051	1.02	1.1071	1.1002	1.0822	1.1258	1.0938	1.1621	1.0744	1.0879	1.103	1.078	1.0399	1.0615	1.0857	1.0914	1.0555	1.0741	1.0684	0.0	1.0258	1.0763	1.0865	1.0488	1.0892	1.122	1.0048	1.0652	1.0926	1.0701
1203258.5	1.001	1.0204	1.011	0.9475	1.036	0.9839	1.1517	1.0362	1.0067	0.987	1.0945	1.0337	1.1303	1.0281	1.0036	1.0235	1.0053	0.9743	1.1247	0.947	1.1061	1.0382	0.9911	0.9604	0.7101	0.9516	0.9892	0.9493	1.0611	1.0622	1.0444	0.9628	1.0521	0.9972	0.954
1203259.4	1.0	1.0102	1.0158	0.9512	1.025	0.9902	1.1547	1.0412	0.995	0.98	1.0434	1.0417	1.1299	1.0335	1.0202	1.0246	1.0018	0.9804	1.1244	0.9522	1.1099	1.0163	0.991	0.9628	0.7092	0.952	0.9952	0.9397	1.0607	1.0652	1.0433	0.9596	1.0761	0.9997	0.9686
1256196.3	0.9834	0.9895	0.9568	0.9752	1.0875	0.9607	1.119	1.1287	0.9648	0.9559	1.0741	1.0501	1.3176	0.9948	1.0092	1.009	0.9629	0.9775	1.1504	0.9643	1.0496	1.0063	0.9837	0.9623	0.0	0.9183	1.0314	0.9319	0.9907	1.0438	1.0004	0.8828	1.0822	0.985	0.9743
1256205.3	0.9681	0.9917	0.9667	1.042	1.1061	0.9567	1.1457	1.125	0.9559	0.9386	1.0314	1.029	1.2909	1.0042	1.0017	1.0249	0.969	0.9477	1.2164	0.9873	1.0379	1.0399	0.9632	0.947	0.0	0.9119	1.0261	0.9328	1.0375	1.0501	0.9981	0.8913	1.0455	0.9801	0.9686
1256209.3	0.9811	1.0026	0.9662	1.0202	1.0949	0.9753	1.1504	1.1425	0.9627	0.9644	1.0904	1.0341	1.327	0.9913	0.9941	1.028	0.974	0.9692	1.0137	1.0058	1.0964	1.0256	0.9921	0.9589	0.0	0.9286	1.0472	0.9366	0.9862	1.0467	1.0359	0.8879	1.098	0.9961	0.9433
1256210.3	0.9452	0.9985	0.9581	0.9508	1.0479	0.9292	1.1255	1.0007	0.9633	0.9303	1.0705	1.0307	1.1286	0.9966	0.9883	0.98	0.9587	0.9252	1.0198	0.9393	1.0013	0.989	0.9372	0.9275	0.0	0.8574	1.0085	0.83	0.9858	1.026	0.9731	0.8685	1.0099	0.957	0.9227
1256219.3	1.0137	0.9957	0.932	0.9657	1.0806	1.0068	1.1414	1.1412	1.068	1.0384	1.0784	1.0286	1.1911	1.0012	1.0341	1.1109	0.949	0.9448	1.0602	0.9694	1.1309	0.956	0.9767	1.0975	0.0	0.9499	1.0384	0.9482	0.9827	1.114	1.0424	0.963	1.1085	0.9675	0.9246
1256224.3	0.9735	0.9988	0.9557	0.9427	1.0434	0.9538	1.1465	1.1253	0.9729	0.9651	1.0733	1.0237	1.3229	0.984	1.007	1.045	0.9602	0.9643	1.2249	0.9463	1.0415	0.9727	0.9694	0.9545	0.0	0.9148	1.0234	0.9355	0.9889	1.0187	1.0131	0.8877	1.0536	0.9888	0.9597
1263084.3	1.035	1.09	1.0454	0.958	0.9665	1.0337	1.0905	0.9917	0.9434	0.9719	0.014	0.9722	0.9712	1.0901	0.9888	0.99	1.0526	1.0673	1.0037	0.9442	1.0987	0.9439	1.0914	0.9003	0.0	1.0344	1.0346	1.0805	1.0471	1.0391	1.116	0.9766	1.0698	1.0739	1.0043
1263085.3	0.9983	0.7782	0.9634	1.014	0.9895	0.9872	0.885	0.9947	0.9672	0.9566	0.8168	0.6994	1.0524	0.9877	1.008	1.0214	0.963	0.9497	0.9402	1.0001	1.0211	0.9694	0.9349	0.9925	0.0	0.9415	0.9906	0.878	0.9418	1.0161	1.1373	0.9677	1.0135	0.9707	0.996
1284663.3	1.0094	1.113	0.9543	0.9898	1.0516	1.0147	1.0263	1.0236	0.9451	0.944	1.1196	0.9672	1.0149	1.0541	0.9985	1.0017	0.9748	1.0735	0.9812	0.9914	1.0564	1.005	1.0117	1.0282	0.7864	0.9759	1.0045	0.9789	1.0298	1.0411	1.0793	1.0063	1.0298	0.9578	0.9858
1293598.4	0.961	0.812	0.9787	0.9812	1.0027	0.9584	0.9962	0.9947	0.962	0.9688	0.8602	1.0546	1.0342	0.9979	1.0644	1.028	0.9706	1.0111	0.9207	0.9858	1.0317	0.9564	1.0081	0.9127	0.0	0.941	0.9748	0.8945	0.9986	1.012	1.0495	0.9406	1.0702	1.0621	0.9593
1300223.3	1.0189	1.037	0.9944	1.0202	1.0623	0.9964	1.1467	1.0713	1.0078	0.9994	1.0848	1.0279	1.1203	1.037	1.031	1.0638	0.9897	1.0027	1.1803	1.0187	1.0979	1.0585	1.0071	0.987	0.7108	0.965	0.9907	0.9422	1.0351	1.086	1.0465	0.9897	1.0797	1.0309	0.9872
1304889.3	1.0291	1.1	1.0165	0.9854	1.0429	1.0205	1.0592	1.0053	0.9688	0.96	1.0909	0.9552	1.1035	1.0503	1.0037	1.029	1.0128	1.0429	1.0103	1.0118	1.0736	1.0696	1.001	1.0124	0.7758	0.9572	1.0128	0.9741	1.049	1.0686	1.1151	0.9936	1.0332	0.9849	1.0021
1318629.3	1.1406	1.0983	1.0009	1.0896	1.1962	1.1324	1.0959	1.1311	1.1102	1.207	0.9949	1.6821	1.1715	1.1255	1.1594	1.0949	0.9903	1.0847	1.4007	1.0828	1.1602	1.2039	1.072	1.1675	0.0	1.2516	1.1464	3.4958	1.0627	1.1724	3.8777	1.1246	1.0565	1.0123	1.0648
1328863.3	1.0371	1.101	1.0673	1.0421	1.0118	1.0247	1.0665	1.0583	1.0592	1.0804	1.0701	1.1907	1.1667	1.0315	1.0578	1.0146	1.0538	1.0194	1.0113	1.0251	1.0505	1.1122	1.0829	1.0336	0.0	1.0362	1.0579	1.0857	1.0212	1.0346	1.0225	1.0141	1.0616	1.0547	1.0759
1334627.3	1.0013	1.0995	1.0635	1.0166	1.12	0.9912	1.0829	1.0198	0.9969	1.0445	1.08	1.1638	1.1249	1.0266	1.1193	1.0292	1.0645	1.0442	1.0871	1.0324	1.061	1.0962	1.0672	0.9825	0.0	0.9993	1.0592	1.074	1.0454	0.9947	1.2765	1.013	1.0486	1.0584	1.0023
1339267.4	1.0519	1.0282	1.0533	1.0503	1.0972	1.0546	1.0865	1.0591	1.0356	1.2384	0.9936	1.4324	1.0468	1.0427	1.096	1.0416	1.0522	1.0587	1.3045	1.0404	1.0357	1.1846	1.0236	0.932	0.0	1.0918	1.0312	3.4677	1.0662	1.0644	0.9452	1.0436	1.0487	1.0284	1.0261
1346615.3	0.9926	1.0604	1.0101	1.0481	1.083	0.9564	1.0608	1.0038	0.9827	0.9823	0.7616	1.0516	1.0317	1.0207	1.0989	1.0334	1.0097	1.0057	0.8761	1.0398	1.0641	1.1132	0.9986	0.9839	0.0	0.9369	1.0329	0.7681	0.9755	1.0065	1.2856	0.9826	1.0821	1.0257	0.9816
1380361.3	1.0025	1.0138	0.9752	0.9548	1.0625	0.982	1.1582	1.0162	0.9868	0.9623	1.0899	1.0438	1.1692	1.0347	0.9982	1.0439	0.9804	0.9806	1.0041	0.9537	1.027	0.9945	0.9913	0.9782	0.7074	0.9444	0.9582	0.9527	1.0058	1.0604	1.0449	0.9444	1.0374	1.0135	0.9773
1381118.3	0.9722	1.0783	0.9884	1.0063	0.9369	0.9659	1.0847	0.9495	0.9773	1.0369	1.0483	1.1381	1.1281	1.0256	1.021	0.9801	0.9879	0.9891	0.9967	0.9752	1.04	1.0883	1.0119	0.909	0.0	0.9706	1.0344	0.9898	0.9947	0.983	0.9566	0.9432	1.0131	1.0107	0.9913
1381119.3	0.9981	1.0758	1.0272	0.9896	1.0261	0.9882	1.0131	0.9184	0.8897	0.9922	0.0275	1.0147	1.1008	0.9916	0.9863	0.9503	1.0323	1.0338	0.9397	0.9988	1.015	1.0847	1.0171	0.9481	0.0	0.9558	1.0062	0.9426	0.986	0.9687	1.0156	0.9678	1.0219	1.0003	0.952
1390383.3	0.9935	0.9974	0.9985	0.921	0.9988	0.9736	1.129	1.051	0.999	0.9612	1.0232	1.0116	1.1396	1.0206	0.9936	1.0179	0.9972	0.9697	1.057	0.9271	1.0708	1.0145	0.9672	0.9552	0.0	0.9319	0.9514	0.9254	0.9753	1.0328	1.0359	0.9486	1.0398	0.9836	0.9337
1390384.3	0.9889	0.9856	1.0023	0.9181	1.0097	0.9768	1.1356	1.04	0.9995	0.9677	1.0202	1.0164	1.138	1.0139	0.9901	1.0149	0.9868	0.9754	1.0671	0.9201	1.069	1.0211	0.9804	0.9532	0.0	0.9232	0.9572	0.9387	0.9728	1.0442	1.0303	0.9572	1.0412	0.9759	0.9261
1390386.3	0.9583	0.9947	1.001	0.9458	1.0624	0.9484	1.0232	1.0213	1.0067	0.9839	0.8705	1.0412	1.156	1.028	1.0437	1.0444	0.988	0.9838	1.1478	0.9461	1.0949	1.0545	0.9936	0.9908	0.7026	0.95	0.9952	0.9564	0.9902	1.0659	1.0467	0.9621	1.0621	0.9823	0.9637
1402207.4	1.1203	0.754	0.9801	1.0932	1.0682	1.1226	0.8759	1.0991	1.1139	0.9553	0.8175	0.7001	1.1864	1.0505	1.1183	1.0886	0.9702	0.9505	1.0664	1.0858	1.0855	0.9629	0.9772	1.0843	0.0	1.1005	1.0672	1.3679	0.9525	1.1019	1.4664	1.0739	1.0753	1.0064	1.1234
1403542.3	1.0055	1.1124	0.967	1.0291	1.0469	1.0046	1.0238	1.0109	0.9831	0.9314	1.1164	0.9535	1.0126	1.041	1.0053	0.9884	0.9855	1.0389	0.9773	1.0372	1.042	1.0311	0.9912	0.9864	0.9339	0.9609	1.015	0.9704	1.0212	1.0596	1.0784	0.9979	1.0362	0.9456	0.9889
1407052.3	1.0603	1.0924	1.0067	1.0586	1.1795	1.0867	1.0966	1.1447	1.1629	1.1577	0.9978	1.6271	1.1875	1.1143	1.1416	1.1092	1.0171	1.0724	1.214	1.0551	1.1446	1.1886	1.0608	1.1047	0.0	1.2071	1.1395	2.037	1.0554	1.1723	3.8378	1.1307	1.0684	1.0454	1.0827
1408180.3	0.9911	1.0038	0.9621	0.961	1.0465	0.9832	1.1392	1.0108	0.984	0.9574	1.0846	1.0397	1.1196	1.0076	0.9833	1.0219	0.9642	0.9823	1.021	0.9552	1.0238	0.9871	0.9834	0.9765	0.7063	0.9511	0.9575	0.9349	1.0091	1.0538	1.0402	0.939	1.0339	1.0083	0.96
1408205.4	1.0207	1.0171	0.9987	1.0372	1.0818	1.0093	1.1531	1.0838	1.0202	1.018	1.0611	1.0406	1.165	1.0684	1.0313	1.07	1.0032	1.0158	1.1928	1.0381	1.1185	1.089	1.0152	0.9988	0.7088	0.988	1.0101	0.9358	1.0366	1.0948	1.0551	0.9966	1.0758	1.0462	0.9796
1423758.3	0.9866	1.054	1.008	1.0157	1.1466	0.981	1.0191	1.0504	1.0153	0.9866	0.0128	1.0176	1.0063	1.0351	1.0135	1.0634	1.0098	0.982	0.8466	1.0016	1.089	1.1006	1.0061	1.0248	0.0	0.9886	1.0355	0.185	0.9627	1.008	0.0	0.947	1.0679	1.047	1.0397
1423762.3	1.01	1.1283	1.0579	1.0251	1.055	0.9834	1.0447	0.9615	0.9189	1.0328	0.966	1.0527	1.1483	1.0379	1.0353	0.9627	1.0558	1.0531	0.9585	1.032	1.0677	1.1549	1.0461	0.9775	0.0	0.9797	1.0341	0.9434	1.0078	1.0046	1.0574	0.9949	1.0504	1.0399	0.984
1423779.3	1.0513	1.0051	0.9789	1.0861	1.1384	1.0499	1.0257	1.053	1.024	1.0172	0.0118	1.1519	1.1109	0.9749	1.0325	1.017	0.9731	1.0783	0.9615	1.0818	1.0388	1.1082	1.036	1.0343	0.0	1.0523	1.0387	0.6147	1.0	1.0306	1.0332	0.9978	0.9833	1.0841	0.9531
1423784.4	1.0275	1.0737	1.1148	1.0858	1.0524	1.0096	1.0971	1.0659	1.0726	1.0812	1.0513	1.0478	1.2256	1.1071	1.0422	1.1311	1.1171	1.0401	1.0859	1.0783	1.1296	1.1315	1.0951	1.009	0.0	1.0105	1.0484	1.0439	1.0079	1.1172	1.0425	1.0295	1.0562	1.0633	0.9951
1423799.3	1.0469	1.1284	1.0762	1.1073	1.1042	1.0535	1.0646	1.0912	1.0909	1.0396	1.1293	1.0842	1.1721	1.0936	1.0588	1.0817	1.0679	1.0529	1.048	1.0663	1.1168	1.0427	1.0684	1.058	0.0	1.0158	1.0575	1.1085	1.0106	1.0984	1.1293	0.9846	1.0337	1.092	1.0319
1423802.4	1.0684	0.9719	0.8925	0.9856	0.9909	1.0648	1.0547	1.0106	1.0109	1.0278	0.9877	0.9409	0.9306	1.0225	1.0776	1.0017	0.9083	1.0867	1.0846	0.9839	1.0044	0.8252	1.0869	0.9957	0.0	1.0605	1.0269	0.9403	0.9949	1.0056	0.8419	0.9896	1.0191	1.0958	0.9775
1423814.6	1.0637	1.0588	1.0206	1.0168	1.0656	1.0554	1.0891	1.0882	1.0739	1.0624	1.0439	1.0792	1.2344	1.0474	1.0571	1.0401	1.0161	1.0508	1.1776	1.0144	1.0745	1.0278	1.0435	0.9929	0.0	1.0405	0.9967	1.0131	1.0064	1.0322	0.9696	0.9566	1.0446	1.0618	0.9581
1579.56	0.9966	1.038	1.0122	0.9561	0.9793	0.9776	1.0621	1.0101	0.9683	0.9843	0.9791	1.0603	0.9902	1.0496	1.0478	1.0082	1.0012	1.0204	1.1787	0.9587	1.0807	0.901	1.0341	0.9322	0.0	0.9972	0.9775	0.9685	1.0212	1.0271	1.0293	0.9994	1.0529	1.0152	0.9549
1579.81	0.9883	1.0364	1.0053	0.952	0.9824	0.9719	1.0437	0.9982	0.9643	0.993	0.9962	1.058	0.9681	1.0559	1.0597	1.0208	1.0014	1.0137	1.137	0.9597	1.0679	0.8949	1.0352	0.9459	0.0	0.9827	0.9824	0.9708	1.0223	1.0131	1.0195	0.9954	1.0555	1.0202	0.9642
1580.57	0.9986	0.9724	1.0314	1.0206	1.1374	0.9898	1.0509	1.0121	0.9664	1.0353	0.9809	0.9655	0.9825	1.0219	1.0418	0.9991	1.0364	1.0375	1.0349	1.0312	1.0313	1.1373	1.1088	1.0052	0.0	0.9996	1.0493	0.8448	1.0343	1.0947	0.8799	0.9881	1.0252	1.0415	0.9773
1580.58	1.0022	0.9782	1.0288	1.0194	1.1296	0.9867	1.0616	1.0315	0.9794	1.0408	0.9906	0.9378	1.0937	1.0128	1.0385	1.0103	1.0257	1.0538	1.0213	1.0314	1.0501	1.1299	1.1005	1.0198	0.0	1.0022	1.0409	0.8708	1.0414	1.0794	0.8936	0.9869	1.0263	1.0463	0.984
1580.87	0.9985	0.9968	1.005	0.9991	1.1126	0.9939	1.0453	1.0071	0.9763	1.0113	1.0066	0.9504	1.1951	1.0068	1.0461	1.0424	1.0116	1.0248	1.0426	0.9932	1.0078	1.2197	1.0999	0.9827	0.0	1.0096	1.035	0.9021	1.0259	1.0985	0.9345	0.9919	1.0352	1.0385	0.9775
1582.33	1.1033	1.5913	1.0369	1.1166	1.3323	1.0926	1.1475	1.1042	1.0774	1.1976	1.6873	1.8569	1.2581	1.1608	1.0264	1.2344	1.0449	1.1347	1.4441	1.1245	1.185	1.1072	1.1355	1.0787	0.0	1.06	0.9818	1.5057	1.0236	1.187	1.0985	1.0122	1.1326	1.2229	0.9436
1582.46	1.0792	1.1063	1.0309	0.995	1.15	1.0699	1.2059	1.1969	1.0788	1.0421	1.1582	1.8703	1.3681	1.1103	1.0992	1.1288	1.0373	1.1321	1.2449	1.0249	1.2226	1.105	1.1219	1.0656	0.7409	1.0413	1.0903	1.1239	1.0951	1.183	1.1626	1.047	1.1761	1.0989	1.0704
1582.78	0.9987	1.0004	0.9977	1.0132	1.0498	0.9877	1.1489	1.043	0.9924	1.001	1.085	1.0297	1.121	1.0204	1.0109	1.0613	0.9859	0.9861	1.176	0.994	1.0851	1.0202	0.973	0.9681	0.0	0.9196	1.032	0.9106	0.9802	1.0542	1.0334	0.9212	1.0482	0.9863	0.9455
1587.42	0.95	0.9189	1.0073	0.93	0.9536	0.9451	0.9939	1.0304	0.9873	0.9479	0.8396	1.0254	0.9837	0.9863	1.0812	0.9697	1.0003	0.9569	0.8807	0.9385	0.9421	0.9038	0.9897	0.971	0.0	0.9326	0.9613	0.8354	0.9721	0.965	0.7155	0.9542	1.059	0.9846	0.9511
1587.50	0.9594	0.9227	1.0179	0.9162	0.9452	0.9092	0.9896	1.0133	0.9739	0.9467	0.8558	1.0099	0.9643	0.9752	1.0821	0.9514	1.012	0.9387	0.8815	0.919	0.9641	0.9062	0.9792	0.9718	0.0	0.9471	0.9561	0.8436	0.9658	0.9699	0.7188	0.9396	1.065	0.9593	0.9543
1590.145	1.0535	1.1174	0.9738	0.9903	1.0303	1.0122	1.0306	1.0324	0.9833	0.9847	1.1128	0.8786	1.0467	1.0383	0.9912	0.9888	0.9864	1.0418	0.9808	1.0078	1.0565	1.0006	0.997	1.0311	0.777	0.9606	1.0139	0.977	1.0354	1.0724	1.0813	0.9985	1.0269	0.9536	0.971
1590.147	1.0086	1.1198	0.9529	1.0136	1.0455	1.0061	1.0486	1.0345	0.9674	0.9557	1.1105	0.9097	0.9999	1.0169	0.9902	0.9919	0.9567	1.0336	1.0023	1.0157	1.0383	0.9989	0.9895	1.0042	0.7901	0.9637	0.9855	0.9797	0.9492	1.068	1.0778	0.9903	1.0337	0.9523	0.9622
1590.154	1.0441	1.1269	1.0034	0.9954	1.0276	1.0255	1.0303	1.0298	0.9857	1.0267	1.1191	0.8668	1.0393	1.0472	1.0069	1.001	1.0085	1.0599	0.9801	0.9976	1.0597	1.0028	1.0373	1.0238	0.7949	0.972	1.008	0.9873	1.0082	1.0674	1.0829	1.0265	1.027	0.9499	0.9918
1590.175	1.0001	1.1162	0.9772	0.9555	1.0551	0.9966	1.076	1.0325	0.9808	0.9768	1.0863	0.9641	1.0492	1.0524	1.0118	0.9932	0.9661	1.042	1.0344	0.9829	1.0793	1.0061	0.9924	1.0189	0.8095	0.9623	1.0337	0.9816	1.0202	1.0817	1.0853	0.9894	1.0478	0.9456	0.9845
1590.191	1.0052	1.132	0.9766	0.9931	1.0541	1.0022	1.0853	1.0327	0.9857	0.9595	1.121	0.9638	1.0274	1.0735	1.0182	1.0303	0.9708	1.0669	1.0197	1.0404	1.0791	1.0409	1.0029	0.9933	0.803	0.982	1.0164	1.0254	1.0276	1.0877	1.0829	1.0017	1.0623	0.9568	0.9755
1590.193	1.0076	1.1282	0.9606	1.003	1.0419	0.9926	1.0758	1.0383	0.9931	0.9694	1.1217	0.9619	1.1351	1.0495	1.0186	1.0169	0.9624	1.1055	1.0338	1.0062	1.0751	1.0048	0.9952	1.0008	0.8026	0.9679	0.9952	0.9766	1.0404	1.0709	1.0143	0.988	1.0564	0.9715	0.9863
1590.194	0.9929	1.1317	0.9807	1.0026	1.037	0.9814	1.0759	1.0444	0.9774	0.9692	1.1109	0.9627	1.1058	1.0416	1.0229	1.0151	0.9747	1.1035	1.0446	1.0309	1.0702	1.004	1.0181	0.9778	0.8039	0.9784	0.9875	0.9814	1.0224	1.0729	1.0148	0.9888	1.04	0.9982	0.9684
1590.224	1.0335	1.1118	0.9857	1.0002	1.0236	1.0353	1.0367	1.0297	0.979	0.995	1.1132	0.8841	1.0466	1.0488	0.9973	0.9918	0.9889	1.0524	0.9666	1.0221	1.0505	1.0047	1.0041	1.0274	0.7882	0.9656	1.0047	0.9796	1.0405	1.0802	1.0863	1.0088	1.0231	0.981	0.9796
1590.227	1.0402	1.1061	1.0233	0.9925	1.0235	1.0363	1.0266	1.0047	0.9673	0.9609	1.1031	0.9449	1.0821	1.0404	1.0093	1.035	1.0008	1.0583	0.9695	0.9983	1.0539	0.9911	1.0251	1.0225	0.775	0.9989	1.0103	0.9698	1.0311	1.0423	1.1191	0.9978	1.0363	1.0082	0.9897
1590.228	1.0268	1.0948	1.0015	1.0092	1.0326	1.0219	1.0169	0.9951	0.9734	0.9706	1.088	0.9518	1.0764	1.0415	1.025	1.0318	1.0063	1.0572	0.9698	1.0124	1.075	0.9878	1.0299	1.0263	0.7832	1.0068	1.0088	0.9578	1.029	1.0486	1.124	1.0108	1.0309	0.9933	0.994
1590.232	1.024	1.1143	0.9348	1.0077	1.0443	0.9961	1.0584	1.0402	0.9782	0.9469	1.1164	0.9494	1.0268	1.0116	1.0036	1.0022	0.9489	1.0421	1.0053	1.005	1.0383	1.0007	0.9868	1.0103	0.8039	0.963	0.9702	0.9697	0.9514	1.0537	1.0585	0.9825	1.0467	0.9541	0.9546
1590.234	1.0354	1.1091	0.9994	1.0166	1.0318	1.013	1.064	1.0121	0.9726	0.9756	1.1022	0.9562	1.1111	1.0526	1.0133	1.0419	1.0017	1.0537	1.0117	1.0165	1.0647	1.0689	1.0039	1.0091	0.7847	0.9783	1.0103	0.9745	1.0545	1.063	1.1471	1.004	1.042	0.9856	1.0159
1590.235	0.9954	1.1084	0.9684	0.9882	1.0463	1.0013	1.0712	1.0257	0.9589	0.936	1.107	0.9621	1.0477	1.0376	1.0142	0.9961	0.9725	1.0674	1.0217	0.9657	1.0715	1.0812	0.9876	0.9878	0.8004	0.973	1.0202	0.9801	1.0219	1.0757	1.0498	1.0052	1.0386	0.9742	0.9847
1590.264	1.0122	1.1063	0.9773	0.9877	1.0303	0.9866	1.0707	1.0242	0.9735	0.9605	1.0994	0.9657	1.0429	1.0473	1.0183	0.9992	0.9766	1.063	1.0201	0.9985	1.0598	1.08	0.9849	1.0212	0.794	0.9817	1.0292	0.9719	1.0159	1.0736	1.0854	0.982	1.0385	0.9538	0.9906
1590.270	1.0286	1.1109	1.0171	0.9959	1.0488	1.0128	1.0714	1.029	0.9756	0.9599	1.1077	0.9677	1.1135	1.0546	1.0009	1.0473	1.0044	1.0457	1.0183	0.97	1.0653	1.0289	1.0227	1.0049	0.7706	0.9841	1.036	0.972	1.0251	1.0737	1.0974	1.003	1.0378	0.9718	1.0187
1590.324	1.0042	1.1031	0.9542	0.9396	1.0276	0.995	1.0221	1.0125	0.9615	0.8995	1.1075	0.9239	1.0129	1.036	1.0026	0.9844	0.9529	1.0293	0.9701	0.9866	1.0507	1.0747	0.9805	0.9954	0.781	0.9572	1.0181	0.9859	1.0173	1.0621	1.0768	0.9932	1.0183	0.9415	0.9716
1590.340	0.9938	1.1142	0.9516	0.9504	1.0299	1.0011	1.025	1.0101	0.9632	0.921	1.1058	0.8704	1.0151	1.0319	0.9922	0.9829	0.9583	1.0414	0.9778	0.9899	1.0516	1.0739	0.9781	0.9774	0.7931	0.9601	1.0228	1.0142	1.0076	1.0489	1.071	0.9894	1.0297	0.9524	0.9764
1590.341	1.0701	1.166	1.0081	0.9889	1.0545	1.0716	1.0821	1.0583	0.9928	0.9808	1.1838	0.9946	1.0568	1.0421	1.0328	1.0817	1.0133	1.095	1.0408	0.9593	1.0901	1.0546	1.0397	1.0426	0.7873	1.0141	1.0291	1.0331	1.0383	1.0827	1.1777	1.0183	1.0749	0.966	0.9876
1590.342	1.0772	1.1808	0.9808	0.9828	1.0543	1.0596	1.0907	1.0496	0.9893	0.9836	1.1827	1.0194	1.0575	1.0402	1.0391	1.0986	1.0197	1.0843	1.0493	0.9438	1.0792	1.0642	1.0313	1.0552	0.7879	1.0228	1.0353	1.022	1.0441	1.0888	1.1738	1.0168	1.0714	0.9704	0.9808
1590.343	1.0785	1.1776	1.0114	0.9644	1.0564	1.0675	1.0882	1.0506	0.9904	0.9832	1.1772	0.9906	1.0553	1.0364	1.0321	1.0928	1.0204	1.0851	1.0425	0.9386	1.0873	1.0615	1.0341	1.0412	0.7888	0.9933	1.0669	1.0201	1.0451	1.0953	1.1838	1.0246	1.0672	0.9752	0.9871
1590.344	1.075	1.1862	0.9753	0.9481	1.0595	1.0655	1.0915	1.0547	0.9938	0.9732	1.1848	1.0084	1.0366	1.0408	1.0171	1.0769	0.9777	1.0741	1.052	1.0071	1.0768	1.0399	1.0394	1.0535	0.791	1.0287	1.0594	1.026	1.0377	1.0889	1.1721	1.0145	1.0689	0.9815	1.008
1590.347	1.0686	1.1839	1.0042	0.969	1.0627	1.0738	1.0846	1.0499	0.9863	0.9861	1.1772	0.9924	1.0293	1.0522	1.0101	1.0721	1.0178	1.0819	1.047	1.0289	1.084	1.0606	1.0369	1.0387	0.781	1.0052	1.0641	1.0271	1.0414	1.0906	1.1795	1.0274	1.0749	0.9677	0.9831
1590.361	1.0411	1.1067	1.0054	0.9901	1.0284	1.0293	1.0151	1.0001	0.9634	0.9662	1.1055	0.9502	1.0747	1.0506	1.0192	1.034	1.0052	1.048	0.9633	1.0123	1.0618	0.984	1.0323	1.024	0.7719	0.992	0.9955	0.9731	1.0292	1.0488	1.1479	0.9995	1.016	0.9898	0.995
1590.75	0.986	1.1164	0.9639	0.9798	1.0225	0.9863	1.0305	1.0229	0.9556	0.8995	1.1233	0.8763	1.021	1.0288	1.0132	0.9926	0.9598	1.0403	0.9791	0.9675	1.0564	1.0322	0.9938	0.9904	0.7846	0.9529	1.0189	0.9883	1.011	1.063	1.0768	1.013	1.028	0.945	0.9742
1596.38	1.0225	1.1135	1.0492	1.0644	1.0882	1.0006	1.0889	1.0505	1.0162	1.0383	0.0178	1.1716	1.1273	1.0257	1.1116	1.0383	1.0461	1.0407	1.051	1.0462	1.0598	1.1665	1.0813	1.0155	0.0	1.0121	1.0443	1.0745	1.0549	1.0033	1.2376	1.0078	1.0629	1.063	1.0072
1596.50	1.016	1.1462	1.055	1.0693	1.0998	1.0008	1.0888	1.0423	1.0485	1.0599	1.0345	1.1792	1.1419	1.0726	1.1164	1.0484	1.0556	1.0421	0.9561	1.0528	1.0655	1.1806	1.067	1.0019	0.0	0.9997	1.0701	1.0744	1.0373	1.0276	1.2522	1.0009	1.0694	1.0746	1.0171
1596.51	0.9428	1.1389	1.0275	0.9988	1.0423	0.947	1.0211	0.9935	0.9798	0.9927	0.7495	1.0524	1.0397	1.0478	1.0633	1.0005	1.0355	0.9669	0.8742	1.0023	1.041	1.1024	0.9852	0.9554	0.0	0.9331	1.0202	0.7762	1.0288	1.0007	1.2681	1.0029	1.0288	1.0235	0.9773
1596.54	1.0067	1.1273	1.0692	1.0787	1.1028	1.0009	1.088	1.0233	0.9764	1.0482	0.0126	1.1728	1.1307	1.0323	1.1199	1.0456	1.0688	1.0387	1.0481	1.073	1.05	1.0852	1.0759	1.0109	0.0	1.0216	1.0598	1.0796	1.0523	1.0023	1.2317	1.0059	1.0565	1.0727	1.0032
1597.20	0.9805	1.0	0.9701	0.9532	1.0777	0.9671	1.1485	1.1616	0.9704	0.9461	1.0816	1.0216	1.3215	1.0128	0.9792	1.0293	0.9656	0.9604	1.2132	0.9627	1.0766	1.0002	0.9842	0.9589	0.0	0.9101	1.0301	0.9142	0.9854	1.0427	1.0402	0.8824	1.1044	0.9993	0.9601
1597.46	0.9816	1.0191	0.9685	0.9689	1.0697	0.9643	1.1535	1.1483	0.9812	0.9552	1.0832	1.0442	1.326	0.989	1.0056	1.0477	0.9669	0.9729	1.0622	0.9835	1.0771	1.0098	0.9835	0.9583	0.0	0.909	1.0337	0.9464	0.9781	1.0509	1.0338	0.8869	1.1034	0.9909	0.9584
1599.69	0.9633	1.0779	1.0332	1.0025	1.0674	0.9645	1.0594	1.0479	0.9909	0.9486	1.0608	1.057	1.0455	1.047	1.0585	0.9978	1.037	1.0502	1.0697	0.9816	1.1001	1.0747	1.0926	0.9417	0.0	0.9746	1.0411	1.0362	1.0258	1.0623	1.1161	0.989	1.0308	0.9925	0.9985
1601.5	1.0531	0.9014	1.0274	1.0687	1.1462	1.0507	1.254	1.0973	1.0415	1.1484	0.926	1.2805	1.2693	1.0719	1.0322	1.1233	1.0349	1.048	1.0262	1.0855	1.1499	1.118	1.0351	1.0343	0.0	0.9978	1.0562	0.8532	0.9989	1.07	1.1302	1.0446	1.1183	1.0512	0.9995
1613.113	1.0924	1.0606	1.0146	1.0633	1.1795	1.0889	1.3241	1.2041	1.1853	1.2399	1.0668	0.9986	1.1309	1.0887	1.1144	1.1321	1.0303	1.0969	1.1526	1.0787	1.0787	1.228	1.1082	1.0665	0.0	1.2125	1.1315	1.9396	1.0437	1.1492	3.8316	1.1153	1.0414	1.0145	1.0262
1613.127	1.1061	1.0555	1.0135	1.1942	1.1812	1.0869	1.2085	1.2375	1.2306	1.141	1.0499	0.9705	1.1496	1.0387	1.1085	1.12	1.0099	1.0968	1.1122	1.189	1.0681	1.1052	1.0869	1.0691	0.0	1.2199	1.1162	1.9073	1.0881	1.0916	3.7706	1.0771	1.0717	1.0078	1.0633
1613.133	0.9974	1.0619	0.9812	1.0328	1.1023	0.987	1.0593	1.0924	1.0499	1.1203	0.9643	1.423	1.0501	1.0435	1.044	1.0094	0.9988	1.0499	1.251	1.0454	1.0715	1.1703	1.0318	0.9479	0.0	1.0084	0.9892	3.4067	1.039	1.0697	0.9526	1.0575	1.0077	1.0117	0.9669
1613.136	1.0623	1.0615	1.0067	1.0494	1.1925	1.0507	1.0917	1.172	1.1488	1.1408	0.9889	1.4507	1.1747	1.1012	1.1157	1.0623	1.0148	1.0928	1.1378	1.0599	1.1367	1.1262	1.048	1.0861	0.0	1.2152	1.1139	3.2958	1.0564	1.1482	3.7269	1.0728	1.0758	1.0253	1.0347
1613.156	1.0183	1.0344	1.0585	1.0668	1.0667	1.0291	1.1523	1.0602	1.03	1.1455	1.0554	0.9781	1.0417	1.0579	1.0461	1.0154	1.0579	1.1319	1.1549	1.0938	1.0606	1.0696	1.1284	1.0349	0.0	1.0199	1.028	1.9226	1.0495	1.1103	0.9442	1.0709	1.0114	1.1411	1.0316
1613.165	1.0411	1.0598	1.045	1.217	1.0688	1.0348	1.3002	1.0699	1.0442	1.1742	1.0865	1.005	1.1563	1.0351	1.0434	1.0374	1.0556	1.0978	1.1561	1.2071	1.088	1.1536	1.1376	1.0253	0.0	1.0464	0.9886	1.5343	1.0902	1.0466	0.9681	1.0829	1.0282	1.0295	0.9724
1613.166	1.045	1.0686	1.0554	1.0778	1.0783	1.0283	1.3072	1.0703	1.049	1.1789	1.0867	1.0096	1.0341	1.0265	1.0629	1.0357	1.0499	1.1405	1.1355	1.0958	1.0859	1.1528	1.1263	1.0314	0.0	1.0065	0.9991	1.5745	1.068	1.1101	0.961	1.0642	1.0219	1.0762	0.9764
1613.167	1.0615	1.0265	1.0214	1.0827	1.1789	1.0577	1.3738	1.2227	1.1942	1.1445	1.0556	0.9826	1.1647	1.0956	1.1069	1.1384	1.022	1.1006	1.1757	1.0766	1.0705	1.1791	1.099	1.0515	0.0	1.1981	1.1419	1.9213	1.046	1.1472	3.8345	1.1189	1.0645	1.0473	1.0445
1613.34	1.0196	1.0534	1.0052	1.0106	1.0949	1.0103	1.0404	1.0679	1.0511	1.1614	0.9469	1.4118	1.1429	1.0292	1.0615	1.0011	1.0207	1.0865	1.068	1.017	1.0543	1.0505	1.0522	0.9859	0.0	1.0336	0.9846	3.3771	1.0366	1.0359	0.9204	1.0448	1.0137	1.0229	0.9721
1624.112	1.036	1.1258	1.0559	1.068	1.0905	1.0413	1.0608	1.0802	1.0745	1.0206	1.1285	1.0751	1.0588	1.0878	1.0707	1.0677	1.0691	1.0499	1.0739	1.0746	1.1086	1.0471	1.0671	1.0626	0.0	1.0135	1.0705	1.1009	1.0048	1.0962	1.1279	0.9951	1.0354	1.0878	1.0353
1624.113	1.0761	1.1126	1.074	1.0643	1.0894	1.0476	1.0572	1.0793	1.0662	1.0413	1.1374	1.0932	1.1633	1.0948	1.0797	1.0783	1.0753	1.0559	1.0433	1.0717	1.1119	1.0477	1.062	1.0566	0.0	1.0235	1.0737	1.1011	1.0132	1.1015	1.1322	0.9886	1.0407	1.0933	1.0392
1637512.3	1.001	1.1551	1.0299	0.8948	0.9471	0.9914	1.0676	0.9576	0.9109	0.9656	0.015	0.9712	1.0016	1.0448	0.8619	0.9985	1.0251	1.0276	0.9626	0.9064	1.0421	0.8216	1.0637	0.9042	0.0	0.9968	1.027	0.8442	1.0229	1.023	1.1324	0.9833	1.069	1.0306	1.0057
220668.9	1.0162	1.0364	0.9537	0.9539	1.0119	1.0049	0.9559	0.9877	0.9511	0.8801	0.9443	0.9594	0.9885	1.0578	1.0046	0.987	0.9681	1.0038	1.0223	0.9563	1.0549	1.0883	0.9893	0.9792	0.7743	0.9489	1.0088	0.8852	0.9901	1.0585	1.0322	1.0016	1.0231	0.9336	0.9905
272621.13	0.995	1.0485	1.0066	0.9536	0.9811	0.9766	1.0476	1.0128	0.9599	0.9967	0.9741	1.0541	0.971	1.0537	1.058	1.0268	1.0096	1.0171	1.1721	0.9601	1.0749	0.9027	1.0405	0.9258	0.0	0.9901	0.9859	0.9747	1.0263	1.007	1.0243	0.9971	1.0562	1.0111	0.9636
362948.14	1.0879	1.1249	1.0696	1.0615	1.0888	1.0695	1.071	1.0965	1.08	1.0359	1.1216	1.0812	1.2386	1.0828	1.066	1.0658	1.0715	1.0483	1.0495	1.0719	1.1041	1.0458	1.0655	1.058	0.0	1.0338	1.0661	1.1009	1.0479	1.1035	1.1353	0.9834	1.0446	1.0886	1.0255
440497.10	1.0335	1.0729	1.0675	1.0501	1.0773	1.0049	1.0498	0.9566	0.9038	1.0309	0.0183	1.0722	1.1574	1.0526	1.0508	0.9693	1.0656	1.0707	0.989	1.0531	1.0837	1.051	1.0581	0.9929	0.0	0.9922	1.0534	1.0014	1.0232	1.016	1.1115	1.004	1.0683	1.0539	1.0112
47715.100	1.0303	1.0114	0.994	0.9346	1.0545	1.0072	1.0524	1.0585	1.0004	1.0216	1.1042	1.0349	1.1302	1.0413	0.9946	1.0366	1.0185	1.0335	1.1841	0.9396	1.117	1.0371	1.0267	1.0008	0.7098	0.9983	1.0397	1.0416	1.0696	1.1099	1.122	1.0012	1.0705	1.0227	1.0069
47715.130	1.0019	1.0017	0.9622	0.971	1.0515	0.9828	1.1416	0.9961	0.9862	0.9742	1.0282	1.0202	1.12	1.0244	0.9899	1.0251	0.9618	0.9875	1.0351	0.9593	1.0059	0.9876	0.9892	0.9812	0.7087	0.9435	0.9631	0.9379	1.003	1.0454	1.0368	0.9447	1.023	1.0015	0.9646
47715.137	0.9873	1.0065	0.9633	0.9712	1.0467	0.9826	1.1408	1.0027	0.9855	0.9778	1.0703	1.0259	1.1145	1.0133	0.9892	1.0265	0.9662	0.9721	1.013	0.9631	1.0202	1.0005	0.9877	0.9816	0.7125	0.9476	0.9503	0.9352	1.0147	1.0476	1.0325	0.9399	1.0211	0.9944	0.9591
47715.140	0.9947	1.0048	0.965	0.9668	1.0553	0.9851	1.1406	1.0135	0.9882	0.9724	1.0852	1.0355	1.1597	1.0111	0.9811	1.0284	0.9641	0.978	1.0122	0.9645	1.0112	0.9871	0.9826	0.9819	0.7099	0.9416	0.9483	0.9334	1.009	1.05	1.0356	0.9307	1.0284	1.008	0.9553
47715.142	1.0069	1.0069	0.963	0.9764	1.0514	0.9878	1.1425	1.0204	0.9834	0.9782	1.0822	1.0309	1.1638	1.0143	1.0062	1.0344	0.9683	0.9869	1.0255	0.973	1.0293	0.9999	1.0015	0.9759	0.7046	0.9623	0.9576	0.9408	1.0248	1.0528	1.0307	0.9421	1.0331	1.019	0.9728
47715.146	1.0023	1.0221	0.9733	0.9624	1.0549	0.9943	1.1475	1.0352	0.9907	0.9771	1.0998	1.0398	1.1702	1.0266	1.0177	1.0374	0.9695	0.9851	1.0193	0.9701	1.0339	0.9917	0.9944	0.9619	0.7102	0.9487	0.9598	0.9517	1.013	1.0112	1.0577	0.9407	1.0331	1.0047	0.9886
47715.149	1.038	1.0145	1.0176	0.9425	1.0642	1.0345	1.1569	1.0844	1.0021	1.0086	1.1056	1.0598	1.1398	1.0603	1.056	1.0328	1.0179	1.0491	1.1812	0.9423	1.1193	1.0935	1.0592	1.0164	0.701	1.0172	1.0631	1.0598	1.0718	1.1241	1.1458	0.995	1.0918	1.0389	1.0475
47715.154	1.0259	1.006	0.9948	1.0169	1.0576	0.9943	1.1482	1.085	1.0264	1.0131	1.0734	1.0333	1.1058	1.0339	1.025	1.0557	0.9989	1.0194	1.1791	1.0198	1.1013	1.0411	0.9878	0.993	0.6929	0.964	1.0063	0.9348	1.0373	1.0817	1.0381	0.9791	1.069	1.0151	0.978
47715.159	1.0027	1.0123	1.0067	0.9375	1.0221	0.9905	1.1645	1.0704	1.012	1.0052	1.0511	1.0376	1.1692	1.0457	1.0093	1.0387	0.9914	0.9934	1.1231	0.9408	1.1231	1.0505	1.0006	0.9846	0.7161	0.9564	1.0759	0.9444	1.0186	1.0764	1.0579	0.9336	1.0645	1.01	0.9748
47715.161	0.9883	1.0108	0.9664	0.9708	1.0501	0.9869	1.1397	1.0055	0.9775	0.9761	1.0739	1.0291	1.1589	1.0151	0.99	1.0246	0.9643	0.9849	1.0277	0.9624	1.0157	1.0039	0.9845	0.9597	0.7052	0.941	0.9607	0.9328	1.0134	1.0444	1.0385	0.9355	1.0275	0.9863	0.9705
47715.163	1.024	1.0706	0.9627	0.945	1.0834	1.0201	1.1614	1.0576	1.004	0.9968	1.0878	1.0457	1.1145	1.0336	1.0271	1.0334	0.966	1.036	1.004	0.9444	1.0286	1.0859	1.0392	1.0008	0.7113	1.0023	0.9859	1.0276	0.9799	1.0485	1.1412	0.9414	1.042	1.0274	0.9425
47715.165	1.025	1.0169	1.0271	0.941	1.0704	1.0009	1.0566	1.056	0.9994	1.0205	1.089	1.0333	1.1368	1.0349	1.0048	1.0391	1.0132	1.0338	1.1726	0.9404	1.1149	1.0242	1.0557	0.9903	0.7144	1.0049	1.0374	1.0312	1.0721	1.1108	1.1164	0.9973	1.0781	1.0337	1.0195
47715.169	0.9833	1.0228	0.9366	0.9538	0.9593	0.9856	1.1568	1.0143	0.9715	0.9896	1.0726	1.0406	1.1151	0.9784	0.9739	1.024	0.9319	0.97	0.9987	0.9595	0.9828	0.9878	0.9694	0.9436	0.745	0.9415	0.8976	0.9326	0.9072	0.9892	1.0349	0.8916	0.9928	0.9878	0.9034
47715.175	0.9842	1.0074	0.9594	0.9707	1.0621	0.97	1.1548	1.0084	0.983	0.9734	1.0604	1.0337	1.1098	1.0021	0.9981	1.0266	0.9649	0.9518	1.0347	0.9627	1.0149	0.9986	0.9627	0.9635	0.702	0.9311	0.9724	0.8892	1.0075	1.045	1.0068	0.9084	1.023	0.9957	0.959
47715.206	1.0312	1.1027	1.0065	0.9417	1.0609	1.0128	1.1604	1.0729	1.0061	1.0032	1.0454	1.0619	1.1518	1.044	1.0359	1.0369	1.0087	1.0313	1.1787	0.9404	1.1048	1.095	1.0428	1.0118	0.708	1.005	1.0603	1.0198	1.0648	1.1105	1.1321	0.9835	1.0856	1.0176	1.0328
47715.245	1.0175	0.9961	0.9732	0.9841	1.0524	1.0047	1.1523	1.0163	0.9988	0.9919	1.0769	1.0282	1.0861	1.0265	0.9908	1.0378	0.9706	1.0024	1.0147	0.9796	1.0282	0.9821	1.0129	1.0054	0.7269	0.9695	0.974	0.9877	1.0209	1.0552	1.0649	0.9302	1.0223	1.0222	0.9725
47715.246	0.9949	0.995	0.9681	0.949	1.0173	0.9725	1.0877	1.0157	0.9824	0.9514	1.0648	1.0261	1.1568	1.0114	1.0005	1.0299	0.967	0.9766	1.0274	0.9514	1.0051	0.9865	0.9035	0.975	0.898	0.938	0.9547	0.9408	1.0051	1.0585	1.0179	0.9068	1.0159	0.9486	0.9426
47715.277	1.0092	1.015	0.9692	0.9579	1.0597	0.9885	1.1472	1.0152	0.9889	0.9657	1.0815	1.0638	1.1261	1.0324	0.9962	1.0475	0.9709	0.9896	1.0116	0.9612	1.0347	0.9705	0.9857	0.9811	0.7085	0.9493	0.9676	0.944	1.0225	1.0546	1.0377	0.9388	1.0345	1.0093	0.9851
47715.288	1.0189	1.0128	1.0038	0.933	1.0585	1.0055	1.1652	1.0543	0.9997	1.0249	1.093	1.0411	1.1235	1.0392	1.0047	1.0297	1.0047	1.031	1.1977	0.94	1.116	1.0343	1.044	0.9915	0.7008	1.0059	1.0366	1.0343	1.0759	1.1122	1.1168	1.0091	1.0706	1.0313	1.0007
47715.311	0.9994	1.0059	0.9796	0.9583	1.0735	0.9872	1.1536	1.0247	0.9885	0.9582	1.0724	1.0415	1.1286	1.0187	1.0021	1.0436	0.975	0.9812	1.037	0.9614	1.0314	0.9796	0.9865	0.9841	0.7099	0.9487	0.9792	0.9451	1.0112	1.0686	1.048	0.9381	1.0331	1.0101	0.9748
47715.314	1.0005	1.0118	0.9813	0.9524	1.0631	0.9884	1.1564	1.0209	0.9938	0.956	1.0956	1.0232	1.1273	1.0225	0.9909	1.0328	0.9696	0.9849	1.0284	0.9556	1.0378	0.981	0.9981	0.9889	0.715	0.9475	0.9661	0.9392	1.0274	1.0574	1.0446	0.9546	1.0419	1.0082	0.9873
47715.67	1.0051	1.0101	1.0002	0.9487	1.0585	0.9917	1.1769	1.0771	0.9939	1.0069	1.089	1.0385	1.1639	1.0391	1.023	1.0393	1.0062	0.9869	1.1942	0.9462	1.1055	1.0678	0.9919	0.9735	0.7142	0.9551	1.0066	0.9411	1.0355	1.1015	1.0481	0.9449	1.0705	0.9889	0.9835
47715.87	0.9915	1.0225	0.9806	0.9736	1.0531	0.9856	1.1532	1.0279	1.0031	0.9824	1.0543	1.0368	1.1615	1.0221	0.9918	1.0476	0.9734	0.9918	1.0151	0.9498	1.029	0.9964	0.995	0.9871	0.706	0.9408	0.9624	0.9478	1.0166	1.0564	1.0437	0.9399	1.0294	1.0069	0.9579
47715.88	0.9884	0.9965	0.9704	0.9721	1.0438	0.961	1.1458	1.0108	0.9967	0.9811	1.0807	1.0311	1.1119	1.0095	0.9904	1.0239	0.9587	0.9744	1.0305	0.9624	1.0218	0.9977	0.9865	0.9772	0.7082	0.9354	0.9552	0.9258	1.0083	1.053	1.0345	0.9386	1.0324	0.9851	0.9706
47715.89	1.0028	1.0278	0.97	0.9718	0.9453	0.9845	1.1613	1.0111	0.9907	0.9765	1.0937	1.0348	1.062	1.03	1.0083	1.0345	0.9659	0.9894	0.9958	0.959	1.0457	0.9658	0.9999	0.9895	0.7161	0.9535	0.9682	0.9466	1.0187	1.0257	1.0439	0.9473	1.0417	1.0137	0.9788
47715.91	0.9283	0.8996	0.9186	0.9192	0.8921	0.8982	1.0635	0.9908	0.9413	0.9384	0.9772	0.8982	1.0419	0.9811	0.9133	1.0061	0.9106	0.9221	0.9966	0.9308	0.9709	0.9734	0.9333	0.8941	0.7573	0.8953	0.8855	0.7995	0.8681	0.9865	0.9293	0.8449	0.9865	0.9354	0.8618
47715.93	1.0415	1.0343	1.0089	0.9553	1.0779	1.0236	1.1721	1.0764	1.0162	1.0272	1.0859	1.0478	1.1441	1.0477	1.0057	1.0503	1.0075	1.0459	1.1906	0.9521	1.1315	1.0493	1.0642	0.9972	0.7215	1.0201	1.044	1.0384	1.0771	1.1233	1.1239	1.0037	1.0773	1.0441	1.0097
47715.94	1.0229	1.0095	0.9899	1.0192	1.0558	1.0118	1.1457	1.0848	1.0225	1.0105	1.0833	0.9982	1.1102	1.0414	1.0169	1.0825	0.9979	1.0192	1.1583	1.0097	1.0976	1.0449	0.9819	0.9891	0.7015	0.9799	0.9965	0.9302	1.036	1.0782	1.0464	0.9767	1.0757	1.026	0.9989
47715.97	1.0292	1.0774	0.9846	0.9844	1.0672	1.008	1.1622	1.0349	1.0035	0.9798	1.0939	1.0517	1.141	1.0374	1.0176	1.0458	0.9915	1.0048	1.0179	0.969	1.0551	0.9839	1.0061	1.0027	0.7197	0.9822	0.9902	0.9906	1.0252	1.0455	1.0828	0.9559	1.0551	1.0191	1.0104
47715.99	0.9958	1.0107	0.9621	0.9722	1.052	0.9772	1.144	1.0186	0.9797	0.9818	1.0869	1.0323	1.1202	1.0256	0.9955	1.0336	0.966	0.9793	1.0152	0.9678	1.0358	1.0041	0.9885	0.9804	0.7108	0.9437	0.9491	0.9316	1.0155	1.0477	1.0369	0.9445	1.0292	0.9988	0.9805
47770.138	0.9501	0.9635	0.9825	0.9632	0.9944	0.94	1.0257	1.0044	0.9909	0.9922	0.846	1.1504	1.0454	0.9964	1.0042	0.9373	0.9662	0.9108	1.0088	0.9561	1.0354	1.0242	0.9385	0.9222	0.0	0.9105	0.9469	1.0735	0.963	1.0261	0.9853	0.9417	1.0358	0.9735	0.9026
47770.28	0.9951	0.9856	1.0363	1.0151	1.0433	0.9961	1.0408	1.0245	1.0335	1.0367	0.9127	1.15	1.0787	1.0375	1.0252	1.0329	1.0311	0.9962	0.978	0.9583	1.0779	1.0633	1.0338	0.9127	0.0	0.9862	1.0059	0.9143	0.9849	1.0471	0.9604	0.978	1.046	1.0072	0.9909
47770.29	1.0172	1.0743	1.0276	1.0375	0.9838	0.999	1.1079	1.0079	1.0385	1.0404	1.0462	1.1702	1.1749	1.0509	1.0662	1.0437	1.0402	0.9788	0.9962	1.0204	1.0796	1.1256	1.0433	0.9423	0.0	1.0165	1.0669	1.0528	1.0209	1.0179	0.996	0.9914	1.085	1.0585	1.058
47770.30	1.0011	1.0953	1.0048	1.012	1.0589	0.9853	1.0757	0.9912	0.9994	1.071	1.0573	1.1619	1.1596	1.0414	1.0265	1.0111	1.011	1.0049	0.9995	0.9829	1.0697	1.0694	1.0151	0.9275	0.0	0.9889	1.0654	0.9839	0.9711	1.0111	0.9795	0.9724	1.033	1.0331	1.0233
47770.31	0.9986	1.0888	1.0139	1.0159	0.9678	0.9765	1.0957	0.9742	0.9874	1.0411	1.0219	1.1736	1.1679	1.0475	1.0399	1.0181	1.0133	1.0008	0.9751	1.0064	1.07	1.1234	1.0329	0.9266	0.0	1.0005	1.0153	1.0343	0.9886	1.0056	0.9972	0.9689	1.0583	1.0462	0.9964
47770.32	1.0043	1.1043	1.013	1.0149	0.9815	0.9845	1.0817	0.9944	1.0104	1.0705	1.0815	1.1825	1.1713	1.056	1.0413	1.0345	1.0189	0.9635	0.9815	0.9929	1.0843	1.0751	1.0459	0.9366	0.0	0.9975	1.0585	1.003	0.9898	1.024	0.9916	0.9828	1.0638	1.0613	1.0311
47770.33	1.0043	1.1124	1.02	1.0178	1.0642	0.9948	1.1046	0.9781	0.9939	1.0295	1.0107	1.1679	1.1585	1.0424	1.0663	1.0225	1.0171	1.0118	0.9869	1.0159	1.098	1.1273	1.0394	0.9277	0.0	1.0095	1.0985	1.0624	1.0076	1.0039	0.9998	0.9995	1.0568	1.0293	1.0309
47770.34	0.9995	1.0855	1.0049	1.0183	0.9458	0.9972	1.0778	0.9895	0.9971	1.0454	1.0314	1.1372	1.1357	1.0136	1.0348	1.0111	0.9958	1.0231	0.9594	0.9917	1.0566	1.0953	1.0206	0.9001	0.0	0.9876	1.0285	0.9691	1.0002	0.997	0.9652	0.957	1.0271	1.0479	1.0014
47770.35	0.988	1.0995	0.9949	1.0062	0.9603	0.9737	1.0763	0.96	0.9823	1.0735	1.0589	1.1543	1.1464	1.0249	1.0395	1.0138	1.0111	0.991	0.9945	0.9728	1.0636	1.1104	1.0204	0.915	0.0	0.9815	1.0378	1.0064	0.9651	0.9894	0.9718	0.9577	1.028	1.0299	1.0101
491076.4	1.0161	1.0976	1.0277	1.032	0.984	1.0023	1.1126	1.013	1.0528	1.053	1.0903	1.181	1.1627	1.0524	1.057	1.0623	1.0265	0.9775	0.9993	1.0188	1.0739	1.1285	1.0587	0.9563	0.0	1.0048	1.0623	1.0767	1.0278	1.0217	0.9856	0.9785	1.0877	1.0534	1.0717
52242.4	0.9985	1.0405	0.9809	0.9327	0.9446	0.9862	1.0739	1.0215	0.9582	0.9486	0.9833	0.9982	0.9824	1.0356	1.0369	1.0007	0.9787	0.9631	1.0171	0.9073	1.056	0.9793	1.0325	0.9467	0.0	0.9855	1.0253	0.952	1.0229	1.0365	0.967	0.9554	1.0581	0.9792	0.9873
525326.3	1.0211	1.1468	1.0999	1.0684	1.0964	1.0096	1.0314	1.0554	1.0055	1.0759	0.0151	1.1948	1.1604	1.066	1.1224	1.0474	1.085	1.055	1.098	1.0785	1.1107	1.1851	1.088	1.0126	0.0	1.0204	1.0678	1.0783	1.0103	1.0305	1.2771	1.0193	1.0387	1.0911	1.0153
525328.4	1.0408	1.1008	1.0615	1.04	1.0933	1.0357	1.076	1.1202	1.1019	1.0133	1.0777	1.0593	1.172	1.093	1.0931	1.0447	1.0667	1.0522	1.0945	1.0451	1.079	1.0645	1.0879	1.0492	1.0638	1.0056	1.035	1.08	1.0103	1.0172	1.093	1.0376	1.0892	1.0133	0.9902
525329.3	1.0498	1.0892	1.039	1.0376	1.0823	1.0247	1.0551	1.0145	0.9555	1.0332	0.9564	1.0435	1.0533	1.0501	1.0718	0.9908	1.0446	1.0646	1.0128	1.0118	1.1332	1.0888	1.0736	1.0563	0.0	1.0228	1.0687	1.1791	1.0412	1.0417	1.1908	0.9987	1.0762	1.0437	1.0176
525330.3	1.0938	1.1626	1.0446	1.0961	1.1302	1.0857	1.0807	1.0646	1.0269	1.0498	0.012	1.242	1.2195	1.0874	1.1609	1.056	1.0535	1.0682	0.9388	1.0817	1.1244	1.221	1.0979	1.1151	0.0	1.0772	1.1001	0.0091	1.0091	1.0699	0.0	1.0719	1.102	1.112	1.0219
525362.3	1.107	0.7809	0.9869	1.1229	1.1263	1.1189	0.8993	1.1127	1.1388	0.974	0.6831	0.7147	1.2093	1.057	1.1275	1.1061	0.9886	0.9526	1.065	1.1088	1.1177	0.9942	0.9614	1.1133	0.0	1.1007	1.0564	1.4114	0.9546	1.1233	1.4979	1.0756	1.0719	1.0027	1.13
548485.3	0.999	1.2398	0.9919	1.0619	1.1182	0.9758	1.0684	1.0796	1.0257	1.0065	1.2454	1.158	1.0515	0.9945	1.0155	1.0285	0.9851	1.0244	1.1162	1.0771	1.0033	1.0816	1.0437	0.9872	0.0	0.9801	1.0134	1.2429	0.9864	1.0057	0.9238	1.2047	1.0154	1.0242	0.9329
557433.4	0.9957	1.245	0.9896	1.051	1.1073	0.9869	1.1218	1.0821	1.0172	1.0029	1.2442	1.1606	1.0501	0.979	1.0127	1.0162	0.9934	1.0148	1.1353	1.0651	1.0043	1.0801	1.0463	0.9677	0.0	0.9802	1.0235	1.1431	0.9859	1.0095	0.9283	1.2049	1.0164	1.0238	0.9369
557436.17	0.9874	1.2317	1.0021	1.0393	1.1079	0.9816	1.1173	1.0838	1.0237	1.012	1.2428	1.1545	1.1193	0.9992	1.0192	1.0221	1.001	1.0282	1.1116	1.0625	1.0039	1.077	1.0442	0.9708	0.0	0.9782	1.0206	1.1398	0.9891	1.0013	0.9284	1.2065	1.0189	1.0282	0.9362
557436.4	1.2723	1.2308	1.1669	1.2123	0.992	1.2792	1.0626	1.0604	1.0034	1.2629	1.2393	1.0837	1.1261	1.0038	1.0108	1.0702	1.1696	1.1174	1.0952	1.2258	1.0067	1.0516	1.205	1.0402	0.0	1.0724	1.0058	1.1318	1.0459	1.0049	0.9169	1.2683	1.0975	1.1983	0.9149
559301.5	1.0389	1.0924	1.013	1.0693	1.0966	1.0192	1.0916	1.0499	1.044	1.0311	0.4991	1.1482	1.1343	1.0666	1.1417	1.0606	1.0209	1.0524	0.9313	1.0655	1.0709	1.1656	1.0601	1.0532	0.0	1.0283	1.0756	0.988	1.0636	1.0204	1.2783	0.9924	1.0882	1.065	1.0379
568703.30	1.0212	1.0087	1.0145	0.9465	1.068	1.0044	1.177	1.0547	1.0082	1.0289	1.0888	1.0426	1.1248	1.0465	0.9961	1.0381	0.9942	1.0293	1.1852	0.9506	1.1197	1.0273	1.0511	0.9921	0.7107	1.008	1.0387	1.0338	1.0697	1.112	1.1164	1.0008	1.0657	1.0279	1.0052
575599.3	1.103	1.0431	1.0509	1.2207	1.1728	1.0957	1.2278	1.2557	1.2498	1.167	1.0689	0.9958	1.1665	1.0808	1.1167	1.1366	1.0539	1.1184	1.1549	1.2148	1.11	1.1508	1.1056	1.0409	0.0	1.2224	1.1421	1.5011	1.0682	1.1294	3.7704	1.1382	1.0838	1.0766	1.0337
575603.3	0.9789	1.0832	0.9947	1.0298	1.0796	0.966	1.056	0.9979	0.9705	0.9887	0.7486	1.0458	1.0272	1.0141	1.097	1.0307	0.9938	0.9924	0.8358	1.0214	1.0548	1.0997	0.9903	1.0098	0.0	0.9363	1.0322	0.7663	1.0063	1.0198	1.2655	0.9722	1.0711	1.0411	0.973
575606.3	1.0173	1.0886	1.0143	1.0544	1.1027	1.0055	1.0185	1.0413	0.9621	0.9991	0.9588	1.0424	1.0574	1.0518	1.0628	0.9833	1.0152	1.0106	0.9854	1.0505	1.0917	1.0317	1.0417	0.9477	0.0	1.0037	1.0214	0.7418	1.0044	1.0303	1.1874	0.9967	1.0717	1.0389	0.9891
575607.3	1.0014	1.0888	1.0657	1.0286	1.0543	0.9829	1.0434	0.9549	0.8983	1.0107	0.9721	1.0573	1.1519	1.0361	1.0312	0.9691	1.0695	1.0449	0.9675	1.038	1.0667	1.1482	1.0503	0.9739	0.0	0.9805	1.0381	0.9859	1.005	0.9904	1.0612	1.0071	1.0528	1.0356	0.9924
596325.3	1.005	1.1299	1.0629	1.0255	1.0486	0.9843	1.0382	0.9439	0.912	1.0492	0.9161	1.0552	1.1465	1.0356	1.037	0.9526	1.0596	1.0467	0.9809	1.0478	1.0707	1.1523	1.0468	0.9873	0.0	0.9782	1.0421	0.9609	1.0074	0.9964	1.0631	0.9943	1.0597	1.0368	0.9878
596326.3	1.0605	1.0933	1.0171	1.0926	1.0791	1.0429	1.0627	1.057	0.9898	1.039	0.9528	1.1008	1.1484	1.0527	1.0913	1.0374	1.0119	1.0338	1.0023	1.0974	1.1111	1.0819	1.041	1.036	0.0	1.0485	1.0467	0.9861	1.0234	1.065	1.197	1.0215	1.0543	1.0946	1.0066
630527.3	0.9815	1.0486	1.0021	0.998	1.0608	0.9603	1.04	0.9838	0.9776	0.9684	0.3801	1.0443	1.0253	1.0222	1.0855	1.0276	1.0	0.9886	0.8713	1.0077	1.0495	1.0958	0.995	1.0052	0.0	0.9351	1.0244	0.7713	0.9689	1.0008	1.2616	0.9645	1.0719	1.0431	0.9728
649758.3	0.9925	1.088	1.0008	0.9936	1.0971	0.9859	1.064	1.0242	0.9481	0.9976	1.0441	0.9235	1.0797	1.0056	1.0394	1.0224	1.0057	1.0219	1.0212	1.0016	1.0129	1.2117	1.1064	0.9869	0.0	1.0064	1.0349	0.8747	1.0249	1.084	0.8914	0.9816	1.0276	1.0329	0.9867
649758.4	0.9832	0.9832	0.9988	0.9975	1.1058	0.9861	1.0659	1.0053	0.9402	0.997	0.9894	0.9268	1.1134	1.0017	1.042	1.0131	1.0011	1.0242	1.0277	1.0138	1.0177	1.2138	1.1229	0.982	0.0	0.9934	1.0316	0.8413	1.0206	1.1012	0.8878	0.9946	1.0254	1.0398	0.9711
713605.5	1.0483	1.1036	1.0641	1.0446	1.0882	1.0442	1.0753	1.1238	1.0859	1.0091	1.0877	1.0842	1.1693	1.0762	1.0902	1.0489	1.0704	1.0568	1.1038	1.0385	1.0792	1.0696	1.1002	1.0501	1.0583	1.0121	1.0423	1.0732	0.999	1.0098	1.0892	1.0417	1.0917	1.0193	0.9807
797515.3	1.0403	0.8962	1.0592	1.0894	1.0514	1.0313	1.0529	1.0878	1.0722	1.0871	0.841	0.8515	1.3535	1.0875	1.05	1.1723	1.045	1.0505	1.0732	1.0865	1.1473	1.1718	0.9795	1.0194	0.2915	1.0197	1.0675	0.8427	1.0395	1.1109	1.0156	0.9893	1.0842	0.9307	1.0124
797516.3	1.1317	1.1248	1.1713	1.0898	1.1841	1.1278	1.1157	1.0995	1.1355	1.0725	1.0885	1.085	1.0802	1.1357	1.0829	1.1473	1.1783	1.0804	1.0675	1.0893	1.123	1.1417	1.0773	1.063	0.0	1.1183	1.0169	1.076	1.0819	1.1203	1.0395	1.1559	1.0543	1.0391	1.008
879295.3	1.0206	1.0987	1.0579	1.0007	1.0848	1.0266	1.0483	1.129	1.0884	0.9621	1.0777	1.024	1.1041	1.0698	1.0883	1.0462	1.0626	1.0311	1.0938	1.0039	1.0568	0.9811	1.0646	1.0548	0.7814	0.9739	1.0216	1.0772	0.986	0.9983	1.0838	1.0192	1.0879	0.9752	0.995
879297.3	1.012	1.1217	1.0703	0.9803	1.0972	0.9967	1.0764	1.1338	1.1105	0.9801	1.0991	1.0306	1.1229	1.0806	1.0825	1.0541	1.0689	0.9883	1.102	0.9889	1.0566	0.9916	1.064	1.0267	0.7979	0.9743	1.0263	1.0762	0.9893	0.9985	1.1019	1.0192	1.089	0.9729	0.9834
879298.3	1.0561	1.0998	1.0663	1.0416	1.0885	1.0536	1.0756	1.0027	1.1058	1.0215	1.0823	1.0681	1.081	1.0789	1.0861	1.087	1.0716	1.0516	1.1197	1.0449	1.0776	1.0293	1.1064	1.1153	0.9909	1.0066	1.0691	1.0666	1.019	1.0341	1.0875	1.05	1.0823	1.0065	0.9988
879299.3	1.0397	1.1074	1.0638	1.0254	1.0958	1.0426	1.0796	1.129	1.0919	0.9867	1.0814	0.9708	1.1115	1.0891	1.0967	1.0799	1.0689	1.0476	1.0946	1.024	1.0682	0.986	1.0901	1.0806	0.8053	1.0106	1.0455	1.0745	1.008	1.0288	1.0829	1.0354	1.1	0.9868	1.0176
879300.3	1.0254	1.1048	1.0554	0.9976	1.0934	1.0232	1.0669	1.0874	1.0871	0.9645	1.081	1.0214	1.1076	1.0734	1.0695	1.0446	1.0584	1.0284	1.0887	1.0072	1.0568	0.9772	1.0779	1.0507	0.7807	0.9772	1.0299	1.0787	0.9856	1.0116	1.0915	1.0164	1.0853	0.9732	0.9859
879301.3	1.0821	1.117	1.0633	1.1199	1.1021	1.0712	1.0873	1.1324	1.0929	1.0552	1.0943	1.0926	1.1994	1.0832	1.076	1.0667	1.0677	1.0585	1.1086	1.1202	1.1289	0.9907	1.0886	1.0488	0.0	1.0089	1.0706	1.0797	0.9971	1.0118	1.0957	1.0328	1.1128	1.1021	0.9968
887896.3	1.0342	1.0464	1.0278	1.0376	1.0118	1.0399	1.0766	1.1253	1.0767	1.073	0.0103	1.0513	1.083	1.0323	1.0291	1.0372	1.0274	1.089	1.0613	1.0425	1.0613	0.9897	1.0665	0.974	0.0	1.0442	1.0278	0.1874	1.0385	1.0485	0.0	1.0067	1.0188	1.0963	0.994
888027.3	0.9371	0.9106	0.9987	0.8977	0.9503	0.9062	1.0688	1.0099	0.9672	0.9851	0.8397	1.0412	0.9921	1.0337	1.0273	1.0404	0.994	0.9435	1.1113	0.9097	1.0758	0.8965	0.998	0.9483	0.0	0.927	0.9758	0.8423	0.9402	0.9668	1.186	1.0156	1.0527	0.959	0.9435
888801.3	1.0707	1.1052	1.0639	1.1097	1.1008	1.0593	1.0812	1.1306	1.1013	1.0435	1.0933	1.0825	1.2046	1.0798	1.0745	1.0332	1.0606	1.037	1.1057	1.1093	1.1215	0.9981	1.0821	1.0362	0.0	1.0081	1.0702	1.0785	0.9859	1.0076	1.0884	1.042	1.1054	1.0947	0.9745
928327.3	1.0292	1.1053	1.0575	1.004	1.0943	1.0215	1.0657	1.1304	1.075	0.9736	1.0813	1.0272	1.1104	1.0703	1.0665	1.0438	1.0651	1.0232	1.1002	1.0058	1.0562	0.9847	1.0871	1.0541	0.7867	0.9908	1.0292	1.0747	0.9877	1.0059	1.0873	1.019	1.0921	0.9834	0.9801
930942.11	1.0551	1.1192	1.0093	1.0946	1.0689	1.0462	0.9945	1.0269	1.0293	1.0871	1.1266	1.1454	1.0389	1.0398	1.0573	1.0423	1.0139	0.9672	1.1397	1.1016	1.0871	1.1275	1.0659	0.9492	0.0	1.1311	1.1472	1.0417	1.077	1.0735	1.1804	1.0184	1.1191	1.1103	1.1078
947827.8	0.9793	0.935	1.0309	0.9355	0.9624	0.9611	1.0309	1.0169	0.9713	0.9661	0.862	1.0458	0.9764	0.9692	1.0214	0.9654	1.0269	0.973	0.9022	0.9363	0.9818	0.919	0.9977	0.994	0.0	0.9495	0.9864	0.8543	1.0061	0.9708	0.7586	0.9624	1.0545	0.9517	0.9609
947828.9	1.0005	1.1313	1.0025	0.9504	1.0357	0.9768	1.0809	1.0099	0.9683	0.9783	1.1887	0.966	1.0244	1.0446	1.0334	1.0252	1.0114	0.941	1.0604	0.9539	1.0522	1.0278	0.9428	0.9635	0.0	0.9397	0.9888	0.8399	0.9845	1.0909	1.0194	0.9526	1.0479	1.0033	0.9538
97478.10	1.0848	0.9684	1.0143	1.0515	1.221	1.0781	1.2066	1.0415	1.0063	1.032	0.94	1.3922	1.1692	1.0259	1.0461	1.0487	1.0118	1.0423	1.3773	1.0531	1.0997	1.0152	1.0669	1.0667	0.0	1.0824	1.0617	0.9458	1.0468	1.0701	0.9819	1.0291	1.1088	1.0871	0.9771
